"HDR","FEC","8.5","Campaign Manager 360","1.0","FEC-1946716","1",""
"F3A","C00303305","Pete Sessions for Congress","X","PO Box 7754","","Waco","TX","767147754","TX","17","12P","P2026","20261103","TX","20260101","20260211","Hargrove","Steve","","Mr.","","20260728","158230.70","0.00","158230.70","80115.62","0.00","80115.62","850294.40","0.00","0.00","114969.70","351.00","115320.70","0.00","42900.00","10.00","158230.70","0.00","0.00","0.00","0.00","0.00","2242.10","160472.80","80115.62","0.00","0.00","0.00","0.00","0.00","0.00","0.00","0.00","5000.00","85115.62","774937.22","160472.80","935410.02","85115.62","850294.40","798858.45","0.00","798858.45","413116.47","0.00","413116.47","425654.72","3192.26","428846.98","0.00","370001.47","10.00","798858.45","0.00","0.00","0.00","0.00","0.00","26496.94","825355.39","413116.47","0.00","0.00","0.00","0.00","0.00","0.00","0.00","0.00","53750.00","466866.47",""
"TEXT","C00303305","1","","F3A",""
"SA11AI","C00303305","A08C7B6D8D3BC41FCB32","","","IND","","Freeman","Peter","","","","1307 New York Ave NW","","Washington","DC","20005","P2026","","20260114","750.00","750.00","","FS Vector","Partner","","","","","","","","","","","","","","","","","","","","",""
"SA11AI","C00303305","A335B41FA4271463E9D1","","","IND","","Walker","Todd","","","","101 Constitution Ave NW","Ste 400W","Washington","DC","200012155","P2026","","20260114","1000.00","1000.00","","Altria","Management","","","","","","","","","","","","","","","","","","","","",""
"SA11AI","C00303305","A0DF4C367571A40BB93C","","","IND","","ONeill","Kevin","","","","264 Sir Thomas Lunsford Drive","","Williamsburg","VA","231853387","P2026","","20260116","1000.00","1000.00","","Arnold & Porter","Attorney","","","","","","","","","","","","","","","","","","","","",""
"SA11AI","C00303305","A58B3097E24A94518810","","","IND","","Brachman","Marshall","","","","634 A Street Northeast","","Washington","DC","20002","P2026","","20260120","500.00","500.00","","Self","Government Affairs Manager","","","","","","","","","","","","","","","","","","","","",""
"SA11AI","C00303305","AA90E9A21EB344330892","","","IND","","Einhorn","Neal","","","","41 Virginia Ave","","Clifton","NJ","07012","P2026","","20260125","2500.00","2500.00","","Retired","Retired","","","","","","","","","","","","","","","","","","","","",""
"SA11AI","C00303305","A11F7FF08FAD54F95BAB","","","IND","","Friedman","Mark","","","","1076 E 23rd St","","Brooklyn","NY","11210","P2026","","20260125","2500.00","2500.00","","Westchester Park LLC","Self Employed","","","","","","","","","","","","","","","","","","","","",""
"SA11AI","C00303305","A5344B6C8FDA6426591D","","","IND","","Knutz","Jonathan","","","","5602 Cedar Creek Dr","","Houston","TX","77056","P2026","","20260126","3500.00","7000.00","Contribution","Legacy Medical","Management","","","","","","","","","","","","","","","","","","","","",""
"SA11AI","C00303305","AB1ABCCA05103493FB36","","","IND","","Knutz","Jonathan","","","","5602 Cedar Creek Dr","","Houston","TX","77056","G2026","","20260126","3500.00","7000.00","Contribution","Legacy Medical","Management","","","","","","","","","","","","","","","","","","","","",""
"SA11AI","C00303305","A4DE798ACB51847358FC","","","IND","","Revell","Oliver","","Mr.","","36 Victoria Dr","","Rowlett","TX","75088","P2026","","20260126","250.00","250.00","","Retired","Retired","","","","","","","","","","","","","","","","","","","","",""
"SA11AI","C00303305","A7A7A970A838A4053828","","","IND","","Rogers","Heather","","","","10101 Brightling Ln","","Austin","TX","78750","P2026","","20260126","3500.00","7000.00","Contribution","Ascension Biologics LLC","Management","","","","","","","","","","","","","","","","","","","","",""
"SA11AI","C00303305","ABB4AF21D159542D5845","","","IND","","Rogers","Heather","","","","10101 Brightling Ln","","Austin","TX","78750","G2026","","20260126","3500.00","7000.00","Contribution","Ascension Biologics LLC","Management","","","","","","","","","","","","","","","","","","","","",""
"SA11AI","C00303305","A35E871728783447D983","","","IND","","Estes","Cornelia","","","","505 Hickory Hollow Rd","","Lufkin","TX","759044777","P2026","","20260127","3500.00","3500.00","Contribution","N/A","Retired","","","","","","","","","","","","","","","","","","","","",""
"SA11AI","C00303305","AFAE41A229C634D4FB19","","","IND","","Hartman","Chaya","","","","1759 58th St","","Brooklyn","NY","11204","P2026","","20260127","2500.00","2500.00","","Homemaker","Homemaker","","","","","","","","","","","","","","","","","","","","",""
"SA11AI","C00303305","A0C3C2C5C2BA147C8B1B","","","IND","","Hartman","Jacob","","","","1759 58th St","","Brooklyn","NY","11204","P2026","","20260127","2500.00","2500.00","","WRh","Management","","","","","","","","","","","","","","","","","","","","",""
"SA11AI","C00303305","A831FA164639C41EB8EB","","","IND","","Brauner Wieder","Abraham","","","","1314 54 street","","Brooklyn","NY","112194219","G2026","","20260128","3500.00","7000.00","Contribution","REJUVENATE CARE LLC","Manager","","","","","","","","","","","","","","","","","","","","",""
"SA11AI","C00303305","AAC7BFB8ADE244C6E886","","","IND","","Brauner Wieder","Abraham","","","","1314 54 street","","Brooklyn","NY","112194219","P2026","","20260128","3500.00","7000.00","","REJUVENATE CARE LLC","Manager","","","","","","","","","","","","","","","","","","","","",""
"SA11AI","C00303305","AFA7CD4B31B02403384A","","","IND","","Brauner","Sara","","","","1314 54 Street","","Brooklyn","NY","112194219","P2026","","20260128","3500.00","7000.00","Contribution","Akin Gump","Management","","","","","","","","","","","","","","","","","","","","",""
"SA11AI","C00303305","AE28B3BA6D0D04B9D903","","","IND","","Brauner","Sara","","","","1314 54 Street","","Brooklyn","NY","112194219","G2026","","20260128","3500.00","7000.00","Contribution","Akin Gump","Management","","","","","","","","","","","","","","","","","","","","",""
"SA11AI","C00303305","A2FA3640C230749D1A14","","","IND","","Damjanovic","Milos","","","","10558 Bridlewood St","","Saint John","IN","46373","G2026","","20260128","1500.00","5000.00","Contribution","MD Consulting","healthcare","","","","","","","","","","","","","","","","","","","","",""
"SA11AI","C00303305","AC5A9CDC354934D4ABE8","","","IND","","Damjanovic","Milos","","","","10558 Bridlewood St","","Saint John","IN","46373","P2026","","20260128","3500.00","5000.00","Contribution","MD Consulting","healthcare","","","","","","","","","","","","","","","","","","","","",""
"SA11AI","C00303305","AD522488F2D7A42B4920","","","IND","","Gruner","Jonathan","","","","3711 Pine Tree Dr","","Miami Beach","FL","33140","P2026","","20260128","2500.00","2500.00","","Salud Healthcare","Management","","","","","","","","","","","","","","","","","","","","",""
"SA11AI","C00303305","AEC7878AC02DF40DBB25","","","IND","","Hartman","Israel","","","","1734 58th St","","Brooklyn","NY","11204","P2026","","20260128","2500.00","2500.00","","Renew","healthcare","","","","","","","","","","","","","","","","","","","","",""
"SA11AI","C00303305","A3D50A6F8553B4F6BBB7","","","IND","","Jacobovits","Shimi","","","","36 Airport Rd","","Lakewood","NJ","08701","G2026","","20260128","3500.00","7000.00","Contribution","Self","Sales","","","","","","","","","","","","","","","","","","","","",""
"SA11AI","C00303305","AEF96D3E6938A4B548B7","","","IND","","Jacobovits","Shimi","","","","36 Airport Rd","","Lakewood","NJ","08701","P2026","","20260128","3500.00","7000.00","","Self","Sales","","","","","","","","","","","","","","","","","","","","",""
"SA11AI","C00303305","A27BA0FD044184E3FBD5","","","IND","","Jacobson","Anders","","","","5400 Sweetbriar Dr","","Raleigh","NC","27609","P2026","","20260128","3500.00","5000.00","Contribution","Anders Jacobson","Medical Marketing","","","","","","","","","","","","","","","","","","","","",""
"SA11AI","C00303305","AF8EFCCA930A24B15AEF","","","IND","","Jacobson","Anders","","","","5400 Sweetbriar Dr","","Raleigh","NC","27609","G2026","","20260128","1500.00","5000.00","Contribution","Anders Jacobson","Medical Marketing","","","","","","","","","","","","","","","","","","","","",""
"SA11AI","C00303305","AA46F9C7FF5AA46C5987","","","IND","","Klein","Luzer","","","","2 Kahan Dr","","Monroe","NY","10950","G2026","","20260128","3500.00","7000.00","Contribution","Revive Care","Management","","","","","","","","","","","","","","","","","","","","",""
"SA11AI","C00303305","A6350900A50514F3D874","","","IND","","Klein","Luzer","","","","2 Kahan Dr","","Monroe","NY","10950","P2026","","20260128","1000.00","7000.00","","Revive Care","Management","","","","","","","","","","","","","","","","","","","","",""
"SA11AI","C00303305","A0D16BB244947430C92D","","","IND","","Klein","Luzer","","","","2 Kahan Dr","","Monroe","NY","10950","P2026","","20260128","2500.00","7000.00","Contribution","Revive Care","Management","","","","","","","","","","","","","","","","","","","","",""
"SA11AI","C00303305","A006DBC4E83414ED6BCE","","","IND","","Lerner","Elysse","","","","144 Coles Way","","Lakewood","NJ","08701","P2026","","20260128","3500.00","5000.00","Contribution","Ocean Wounds","Clinical Director","","","","","","","","","","","","","","","","","","","","",""
"SA11AI","C00303305","ABB7CC42ECB974806944","","","IND","","Lerner","Elysse","","","","144 Coles Way","","Lakewood","NJ","08701","G2026","","20260128","1500.00","5000.00","Contribution","Ocean Wounds","Clinical Director","","","","","","","","","","","","","","","","","","","","",""
"SA11AI","C00303305","A69337AF0C4344A10AB9","","","IND","","Neuman","Jacob","","","","20 Rita Ave","","Monsey","NY","10952","P2026","","20260128","3500.00","7000.00","Contribution","Wellrun Management","Management","","","","","","","","","","","","","","","","","","","","",""
"SA11AI","C00303305","A36126593DDBD4B27804","","","IND","","Neuman","Jacob","","","","20 Rita Ave","","Monsey","NY","10952","G2026","","20260128","3500.00","7000.00","Contribution","Wellrun Management","Management","","","","","","","","","","","","","","","","","","","","",""
"SA11AI","C00303305","A0178200B8C2343FDAB2","","","IND","","Nussbaum","Simon","","","","12 Bear Trl","","Jackson","NJ","08527","P2026","","20260128","2500.00","2500.00","","SES","healthcare","","","","","","","","","","","","","","","","","","","","",""
"SA11AI","C00303305","A3F725789967142B4B2C","","","IND","","Pesoli","Jim","","","","340 Summit Circle","","Lombard","IL","60148","P2026","","20260128","3500.00","7000.00","","CytoGenesis Inc","Management","","","","","","","","","","","","","","","","","","","","",""
"SA11AI","C00303305","AD07EEA5F5C674146965","","","IND","","Pesoli","Jim","","","","340 Summit Circle","","Lombard","IL","60148","G2026","","20260128","3500.00","7000.00","Contribution","CytoGenesis Inc","Management","","","","","","","","","","","","","","","","","","","","",""
"SA11AI","C00303305","A45F8E6F6E557494DAB2","","","IND","","Sobel","Naftuli","","","","67 Clayton Ave","","Toms River","NJ","087553252","G2026","","20260128","3500.00","7000.00","Contribution","Life biologics","Management","","","","","","","","","","","","","","","","","","","","",""
"SA11AI","C00303305","A3AB5F15C4E834D76AF4","","","IND","","Sobel","Naftuli","","","","67 Clayton Ave","","Toms River","NJ","087553252","P2026","","20260128","3500.00","7000.00","","Life biologics","Management","","","","","","","","","","","","","","","","","","","","",""
"SA11AI","C00303305","A556750FE60584BFABC9","","","IND","","Sobel","Regina","","","","67 Clayton Ave","","Toms River","NJ","087553252","G2026","","20260128","3500.00","7000.00","","Self","Film Producer","","","","","","","","","","","","","","","","","","","","",""
"SA11AI","C00303305","A467557185CA14D35831","","","IND","","Sobel","Regina","","","","67 Clayton Ave","","Toms River","NJ","087553252","P2026","","20260128","3500.00","7000.00","Contribution","Self","Film Producer","","","","","","","","","","","","","","","","","","","","",""
"SA11AI","C00303305","A5E52F6F4AB93432AA6E","","","IND","","Urrea","Steven","","","","10154 Fremont St","","Yucaipa","CA","92399","P2026","","20260128","2500.00","2500.00","","VMS INC","Management","","","","","","","","","","","","","","","","","","","","",""
"SA11AI","C00303305","ADB9D550BD91A413A9E2","","","IND","","Paul","Ryan","","","","21 Berry Drive","","Wayne","NJ","07470","P2026","","20260129","1500.00","1500.00","","Advanced Biologic Resources","Consulting","","","","","","","","","","","","","","","","","","","","",""
"SA11AI","C00303305","AD70855FFA990477584D","","","IND","","Torrey","William","","","","PO Box 752","","Cameron","TX","765200752","P2026","","20260207","1000.00","1100.00","Contribution","Milam County Republican Party","Attorney","","","","","","","","","","","","","","","","","","","","",""
"SA11AI","C00303305","AC6CAF7CD2615403BBAA","","","ORG","National Association of Realtors","","","","","","500  New Jersey Avenue NW","","Washington","DC","200012005","P2026","","20260211","469.70","469.70","Contribution","","","","","","","","","","","","","","","","","","","","","","",""
"SA11AI","C00303305","A3BF1E1274D4E4656A60","AC6CAF7CD2615403BBAA","SA11AI","IND","","Cox","Leah","","","","1229 N Valley Mills Dr","","Waco","TX","767104427","P2026","","20260211","469.70","469.70","Intermediary","Kelly Realtors","Real Estate","","","","","","","","","","","","","","","","","","X","Total Earmarked through conduit. PAC limit not affected.","",""
"SA11C","C00303305","A1D79FE70488E45B09AC","","","PAC","AIPAC PAC Conduit","","","","","","416 Florida Ave NW","Unit 26418","Washington","DC","200010516","P2026","","20260102","1900.00","7641.47","Contribution","","","C00797670","AIPAC PAC Conduit","","","","","","","","","","","","","","","","","","",""
"SA11C","C00303305","A98FF770F69934E2CA83","A1D79FE70488E45B09AC","SA11C","IND","","Stein","Sheldon","","","","9338 Meadowbrook Dr","","Dallas","TX","752202250","P2026","","20251231","1900.00","2850.00","Intermediary","SGWS","Management","","","","","","","","","","","","","","","","","","X","Total Earmarked through conduit. PAC limit not affected.","",""
"SA11C","C00303305","A9BA292BC74E94321855","","","PAC","KOCHPAC","","","","","","4111 E 37th St N","","Wichita","KS","672203203","P2026","","20260122","2500.00","5000.00","Contribution","","","C00236489","KOCHPAC","","","","","","","","","","","","","","","","","","",""
"SA11C","C00303305","A76D29F5B8CD24C4FA8B","","","PAC","Cox Enterprises PAC (Coxpac) Inc.","","","","","","975 F St NW","Ste 300","Washington","DC","200041459","P2026","","20260126","1500.00","4000.00","Contribution","","","C00477653","Cox Enterprises PAC (Coxpac) Inc.","","","","","","","","","","","","","","","","","","",""
"SA11C","C00303305","A5CA33E9CDE844B4C810","","","PAC","Pitney Bowes PAC","","","","","","1 Elmcroft Rd","MS 6423","Stamford","CT","069260700","P2026","","20260127","2500.00","3500.00","Contribution","","","C00367789","Pitney Bowes PAC","","","","","","","","","","","","","","","","","","",""
"SA11C","C00303305","A42BB671DA5DE4F28BAD","","","PAC","Buckeye Liberty PAC","","","","","","PO Box 183","","Hudson","WI","540160183","G2026","","20260130","5000.00","10000.00","Contribution","","","C00693796","Buckeye Liberty PAC","","","","","","","","","","","","","","","","","","",""
"SA11C","C00303305","A0B8F20FF22C84897AFB","","","PAC","Buckeye Liberty PAC","","","","","","PO Box 183","","Hudson","WI","540160183","P2026","","20260130","5000.00","10000.00","Contribution","","","C00693796","Buckeye Liberty PAC","","","","","","","","","","","","","","","","","","",""
"SA11C","C00303305","A927CA8A6D009440EBBF","","","CCM","Jim Jordan For Congress","","","","","","PO Box 355","","Delaware","OH","430150355","G2026","","20260130","2000.00","4000.00","Contribution","","","C00416594","Jim Jordan For Congress","H6OH04082","Jordan","James","D.","","","H","OH","04","","","","","","","","","",""
"SA11C","C00303305","A081AF421EA8C4671B23","","","CCM","Jim Jordan For Congress","","","","","","PO Box 355","","Delaware","OH","430150355","P2026","","20260130","2000.00","4000.00","Contribution","","","C00416594","Jim Jordan For Congress","H6OH04082","Jordan","James","D.","","","H","OH","04","","","","","","","","","",""
"SA11C","C00303305","A29CC3B38FA784D15BA1","","","PAC","IBAT FEDPAC","","","","","","1700  Rio Grande Street","Suite 100","Austin","TX","787011683","P2026","","20260203","1500.00","4000.00","Contribution","","","C00332841","IBAT FEDPAC","","","","","","","","","","","","","","","","","","",""
"SA11C","C00303305","A22B4BC16F2644D0AB8D","","","PAC","Texas Rural Water Association PAC","","","","","","1616 Rio Grande St","","Austin","TX","787011122","P2026","","20260205","1500.00","1500.00","Contribution","","","C00274860","Texas Rural Water Association PAC","","","","","","","","","","","","","","","","","","",""
"SA11C","C00303305","A5781C56BD0034DA28BE","","","PAC","WaterPAC - National Rural Water Association Political Committee","","","","","","2915 S 13th St","","Duncan","OK","735339086","P2026","","20260205","1500.00","1500.00","Contribution","","","C00202184","WaterPAC - National Rural Water Association Political Committee","","","","","","","","","","","","","","","","","","",""
"SA11C","C00303305","A83EC956DE57241FBA9E","","","PAC","BEEF PAC","","","","","","5501 W Interstate 40","","Amarillo","TX","791064617","P2026","","20260210","1000.00","2000.00","Contribution","","","C00015552","BEEF PAC","","","","","","","","","","","","","","","","","","",""
"SA11C","C00303305","A6BF58BA016CB4E44903","","","PAC","Consumer Credit Insurance Association Dba Consumer Credit Industry Assoc PAC (Ccia Pac)","","","","","","1300 Pennsylvania Ave NW","Ste 190","Washington","DC","200043042","P2026","","20260210","5000.00","5000.00","Contribution","","","C00550483","Consumer Credit Insurance Association Dba Consumer Credit Industry Assoc PAC (Ccia Pac)","","","","","","","","","","","","","","","","","","",""
"SA11C","C00303305","A3B133E6DAE774BE9A36","","","PAC","AIPAC-PAC","","","","","","251 H St NW","","Washington","DC","200012604","G2026","","20260211","5000.00","5000.00","Contribution","","","C00797670","AIPAC-PAC","","","","","","","","","","","","","","","","","","",""
"SA11C","C00303305","A1AAE519E576F41809B8","","","PAC","The Home Depot Inc. Political Action Committee","","","","","","1155  F Street NW","Suite 400","Washington","DC","200041346","G2026","","20260211","5000.00","5000.00","Contribution","","","C00284885","The Home Depot Inc. Political Action Committee","","","","","","","","","","","","","","","","","","",""
"SA15","C00303305","A285091FB2B9C4699891","","","ORG","Alliance Bank of Central Texas MMT","","","","","","4721 Bosque Blvd","","Waco","TX","767104810","P2026","","20260130","2242.09","26496.82","Interest Income","","","","","","","","","","","","","","","","","","","","","","",""
"SB17","C00303305","B697B322416FF4781ACC","","","ORG","At&t Mobility","","","","","","PO Box 537104","","Atlanta","GA","303537104","P2026","","20260105","152.89","","Cell Phone Service","001","","","","","","","","","","","","","","","","","","","",""
"SB17","C00303305","B9CADD2F3091A400AB9F","","","ORG","Capitol Hill Club","","","","","","300  1st Street SE","","Washington","DC","200031801","P2026","","20260107","291.20","","Meal Expenses","001","","","","","","","","","","","","","","","","","","","",""
"SB17","C00303305","B24CEA55668B84B8E917","","","ORG","Mclennan County Republican Women's Club","","","","","","113 S University Parks Dr, Waco, T","","Waco","TX","767012241","P2026","","20260107","500.00","","Luncheon","001","","","","","","","","","","","","","","","","","","","",""
"SB17","C00303305","B16172A4B3FEB48E4938","","","ORG","Aviator Barclay Mastercard","","","","","","P.O. Box 13337","","Philadelphia","PA","191013337","P2026","","20260108","17778.27","","Reimb: See Below","001","","","","","","","","","","","","","","","","","","","",""
"SB17","C00303305","BA1BDC2CFE01542F984C","B16172A4B3FEB48E4938","SB17","ORG","United Airlines","","","","","","77 W Wacker Drive","","Chicago","IL","606011604","P2026","","20251120","618.40","","Consultant Travel","002","","","","","","","","","","","","","","","","","","X","",""
"SB17","C00303305","B99B1FE16380243CAB3F","B16172A4B3FEB48E4938","SB17","ORG","Google G Suite","","","","","","1600 Amphitheatre Parkway","","Mountain View","CA","940431351","P2026","","20251201","328.33","","Google email","001","","","","","","","","","","","","","","","","","","X","",""
"SB17","C00303305","BF11BD4513067402C88F","B16172A4B3FEB48E4938","SB17","ORG","Ninfa's Mexican Food Restaurant","","","","","","220 S 3rd St","","Waco","TX","767012221","P2026","","20251204","90.19","","Meeting Meal Expense","001","","","","","","","","","","","","","","","","","","X","",""
"SB17","C00303305","BAB7D6E73984F4645BF2","B16172A4B3FEB48E4938","SB17","ORG","Shutterfly","","","","","","2800 Bridge Parkway","Suite 142","Redwood City","CA","940651193","P2026","","20251121","1247.03","","Cards","001","","","","","","","","","","","","","","","","","","X","",""
"SB17","C00303305","B9457ADCDF4B04E3495D","B16172A4B3FEB48E4938","SB17","ORG","Graphics Management","","","","","","9322  Moss Trail","","Dallas","TX","752311410","P2026","","20251114","14270.87","","Christmas Cards","004","","","","","","","","","","","","","","","","","","X","",""
"SB17","C00303305","B1C3781738B3E41A785F","B16172A4B3FEB48E4938","SB17","ORG","T-Mobile","","","","","","6342 Gaston Avenue","","Dallas","TX","752143926","P2026","","20251125","246.00","","Cell phone upgrade","001","","","","","","","","","","","","","","","","","","X","",""
"SB17","C00303305","BA93E4AA3529D4ABBA25","B16172A4B3FEB48E4938","SB17","ORG","Congressional Club Museum and Foundation","","","","","","2001  New Hampshire Avenue NW","","Washington","DC","200093414","P2026","","20251202","135.00","","Speaker Event","001","","","","","","","","","","","","","","","","","","X","",""
"SB17","C00303305","B35EF33D9785E491DBA2","B16172A4B3FEB48E4938","SB17","ORG","Jimmy John's","","","","","","45 Independence Ave SW","","Washington","DC","202190001","P2026","","20251203","122.34","","Event expense","001","","","","","","","","","","","","","","","","","","X","",""
"SB17","C00303305","B9DE32D338EB449C798A","B16172A4B3FEB48E4938","SB17","ORG","Jimmy John's","","","","","","45 Independence Ave SW","","Washington","DC","202190001","P2026","","20251202","24.71","","Meeting meal expense","001","","","","","","","","","","","","","","","","","","X","",""
"SB17","C00303305","B84BDFC5BC81A4236AC0","B16172A4B3FEB48E4938","SB17","ORG","Chick-fil-a","","","","","","43 independence avenue, SW","","Washington","DC","20001","P2026","","20251204","493.63","","Chief Lunch","001","","","","","","","","","","","","","","","","","","X","",""
"SB17","C00303305","B6F93E3278EDD4D5EAC9","B16172A4B3FEB48E4938","SB17","ORG","Uber Technologies Inc.","","","","","","1455 Market St.","Suite 400","San Francisco","CA","941031355","P2026","","20251203","5.75","","Transportation","001","","","","","","","","","","","","","","","","","","X","",""
"SB17","C00303305","B3D8951A848F74937BD5","","","ORG","Link Letter","","","","","","10924 Grant Road","#133","Houston","TX","77077","P2026","","20260112","20000.00","","Voter Guide Mailer","004","","","","","","","","","","","","","","","","","","","",""
"SB17","C00303305","B7B57AF65955A44BABA1","","","ORG","T-Mobile","","","","","","6342 Gaston Avenue","","Dallas","TX","752143926","P2026","","20260112","83.23","","Phone Service","001","","","","","","","","","","","","","","","","","","","",""
"SB17","C00303305","B6FD6DBCBEE1644E6B01","","","ORG","American Express","","","","","","PO Box 650448","","Dallas","TX","752650448","P2026","","20260114","752.19","","Reimb: See Below","001","","","","","","","","","","","","","","","","","","","",""
"SB17","C00303305","B3D43F038F3164BC5969","B6FD6DBCBEE1644E6B01","SB17","ORG","Slow Rise Slice House","","","","","","7608 Woodway Dr","","Waco","TX","767123801","P2026","","20251213","34.35","","Meeting Meal Expense","001","","","","","","","","","","","","","","","","","","X","",""
"SB17","C00303305","B6C93CCBFA1394539A92","B6FD6DBCBEE1644E6B01","SB17","ORG","Ideal Self Storage","","","","","","1312 N New Rd","","Waco","TX","767104800","P2026","","20251201","242.00","","Campaign Storage","001","","","","","","","","","","","","","","","","","","X","",""
"SB17","C00303305","B8BEED843A49A4564960","B6FD6DBCBEE1644E6B01","SB17","ORG","Apple Store","","","","","","3101 Knox Street","","Dallas","TX","752054029","P2026","","20251222","29.99","","Storage","001","","","","","","","","","","","","","","","","","","X","",""
"SB17","C00303305","B608DAFFB29974D1DBF1","B6FD6DBCBEE1644E6B01","SB17","ORG","Aristotle International, Inc.","","","","","","205  Pennsylvania Avenue SE","","Washington","DC","200031164","P2026","","20251201","91.95","","Software Support","001","","","","","","","","","","","","","","","","","","X","",""
"SB17","C00303305","B9C97647DC42840039DE","B6FD6DBCBEE1644E6B01","SB17","ORG","Jimmy John's","","","","","","45 Independence Ave SW","","Washington","DC","202190001","P2026","","20251209","42.66","","Meal Expense","001","","","","","","","","","","","","","","","","","","X","",""
"SB17","C00303305","BAE2C5A286160445194B","B6FD6DBCBEE1644E6B01","SB17","ORG","Portofino's Authentic Italian Restaurant","","","","","","725 Austin Ave","","Waco","TX","767012019","P2026","","20251222","302.71","","Meeting Meal Expense","001","","","","","","","","","","","","","","","","","","X","",""
"SB17","C00303305","BBE24DD8396DE41F0A6C","","","ORG","Texas Tape And Label","","","","","","PO Box 365","","Waco","TX","767030365","P2026","","20260115","1082.50","","Signs","004","","","","","","","","","","","","","","","","","","","",""
"SB17","C00303305","BF1F2EEF4F3114552A81","","","ORG","Robertson County Republican Party","","","","","","POB 214 Hearne","","Hearne","TX","778590214","P2026","","20260116","500.00","","Event Sponsor","004","","","","","","","","","","","","","","","","","","","",""
"SB17","C00303305","BC2B81657A4AC4A258F1","","","ORG","Tractor Supply Company","","","","","","300 N Valley Mills Dr","Suite A","Waco","TX","767107052","P2026","","20260116","1353.00","","Sign materials","001","","","","","","","","","","","","","","","","","","","",""
"SB17","C00303305","B4104B3FE4A3447FA8AE","","","ORG","Lowe's","","","","","","201 North New Road","","Waco","TX","767106931","P2026","","20260117","1234.89","","Yard Sign building material","004","","","","","","","","","","","","","","","","","","","",""
"SB17","C00303305","B73D20C4B8AF943F99B8","","","ORG","Aviator Barclay Mastercard","","","","","","P.O. Box 13337","","Philadelphia","PA","191013337","P2026","","20260120","448.35","","Reimb: See Below","001","","","","","","","","","","","","","","","","","","","",""
"SB17","C00303305","B019CEEF50F7E4857A63","B73D20C4B8AF943F99B8","SB17","ORG","American Airlines","","","","","","4333 Amon Carter Blvd.","","Fort Worth","TX","761552605","P2026","","20260119","448.35","","Airfare - spouse","002","","","","","","","","","","","","","","","","","","X","",""
"SB17","C00303305","B64182E47ED5E4B0E824","","","IND","","Cherian","Jeziah","","","","11501 Sinclair Dr","","Lorena","TX","76655","P2026","","20260120","2000.00","","Payroll","001","","","","","","","","","","","","","","","","","","","",""
"SB17","C00303305","B5DD7B8A300F64BC9A66","","","ORG","Limestone County Republican Women's Club","","","","","","200 W State St","#102","Groesbeck","TX","766421702","P2026","","20260120","1000.00","","Event Sponsor","004","","","","","","","","","","","","","","","","","","","",""
"SB17","C00303305","B3F32FBDC68DD4095A53","","","ORG","Walker County Republican Party","","","","","","1205 University Ave.","","Huntsville","TX","773404632","P2026","","20260120","1000.00","","Reagan Day Dinner","001","","","","","","","","","","","","","","","","","","","",""
"SB17","C00303305","BF8ABB6DA412D44BEA4C","","","ORG","Hutto Chamber of Commerce","","","","","","122 East St","","Hutto","TX","78634","P2026","","20260121","375.00","","VM/ the Herald","004","","","","","","","","","","","","","","","","","","","",""
"SB17","C00303305","B74DD14DA673F461586D","","","ORG","Williamson County Republican Party","","","","","","716 S Rock St","","Georgetown","TX","78626","P2026","","20260121","5020.00","","Event Sponsor","004","","","","","","","","","","","","","","","","","","","",""
"SB17","C00303305","B5802FC1AE5834F72AFF","","","ORG","Citibank Mastercard","","","","","","PO Box 6417","","The Lakes","NV","889016417","P2026","","20260123","54.10","","Reimb: See Below","001","","","","","","","","","","","","","","","","","","","",""
"SB17","C00303305","B7A12041023A340A2B58","B5802FC1AE5834F72AFF","SB17","ORG","Adobe InDesign","","","","","","345  Park Avenue","","San Jose","CA","951102704","P2026","","20251130","54.10","","Software","001","","","","","","","","","","","","","","","","","","X","",""
"SB17","C00303305","BE03B8345BCFC47A589C","","","ORG","Home Depot","","","","","","5605 W. Waco Dr","","Waco","TX","767105753","P2026","","20260124","1330.44","","Sign materials","001","","","","","","","","","","","","","","","","","","","",""
"SB17","C00303305","B6E136D5D27CE4717949","","","ORG","Anedot","","","","","","PO Box 84314","","Baton Rouge","LA","708844314","P2026","","20260128","459.74","","Processing Fee","003","","","","","","","","","","","","","","","","","","","",""
"SB17","C00303305","BEBC5F0DF25D044DAB3B","","","ORG","U.S. Treasury","","","","","","999 E Street NW","","Washington","DC","204630001","P2026","","20260130","42.00","","Payroll Taxes","001","","","","","","","","","","","","","","","","","","","",""
"SB17","C00303305","B63418AC3D39B4283BDE","","","ORG","Anedot","","","","","","PO Box 84314","","Baton Rouge","LA","708844314","P2026","","20260131","6004.30","","Processing Fee","003","","","","","","","","","","","","","","","","","","","",""
"SB17","C00303305","B92BC667ABE0849B8BD8","","","ORG","At&t Mobility","","","","","","PO Box 537104","","Atlanta","GA","303537104","P2026","","20260204","186.78","","Phone Service","001","","","","","","","","","","","","","","","","","","","",""
"SB17","C00303305","B391E31ECA9E2465C896","","","ORG","The Stanton Group","","","","","","3410 Alabama Avenue","","Alexandria","VA","223051736","P2026","","20260205","11829.66","","Fundraising Expense Reimb","003","","","","","","","","","","","","","","","","","","","",""
"SB17","C00303305","B1B40FB22405D4FF2BF7","","","ORG","The Stanton Group","","","","","","3410 Alabama Avenue","","Alexandria","VA","223051736","P2026","","20260205","3000.00","","Consulting: Fundraising","003","","","","","","","","","","","","","","","","","","","",""
"SB17","C00303305","B46D72D066D1D4C4A9C5","","","ORG","Capitol Hill Club","","","","","","300  1st Street SE","","Washington","DC","200031801","P2026","","20260209","307.45","","Meal Expenses","001","","","","","","","","","","","","","","","","","","","",""
"SB17","C00303305","B40262BB8239D415F8E1","","","ORG","The Stanton Group","","","","","","3410 Alabama Avenue","","Alexandria","VA","223051736","P2026","","20260211","3000.00","","Consulting: Fundraising","003","","","","","","","","","","","","","","","","","","","",""
"SB17","C00303305","B6E6C1C4D0FFB4C82AD9","","","ORG","T-Mobile","","","","","","6342 Gaston Avenue","","Dallas","TX","752143926","P2026","","20260211","326.63","","Phone Service","001","","","","","","","","","","","","","","","","","","","",""
"SB21","C00303305","B80319642AD7A440395E","","","ORG","Scouting America","","","","","","1325 W. Walnut Hill Lane","","Irving","TX","750383008","","","20260123","5000.00","","Donation","012","","","","","","","","","","","","","","","","","","","",""
